<?xml version="1.0"?>
<Runs Version="1" Minor="0">
	<Run Id="clk_wiz_0_synth_1" LaunchDir="C:/myproject/project_1/project_1.runs/clk_wiz_0_synth_1" FlowId="Vivado_Synthesis" FromStepId="vivado" ToStepId="vivado"/>
	<Run Id="synth_1" LaunchDir="C:/myproject/project_1/project_1.runs/synth_1" FlowId="Vivado_Synthesis" FromStepId="vivado" ToStepId="vivado">
		<Parent Id="clk_wiz_0_synth_1"/>
	</Run>
	<Run Id="impl_1" LaunchDir="C:/myproject/project_1/project_1.runs/impl_1" FlowId="Vivado_Implementation" FromStepId="init_design" ToStepId="route_design">
		<Parent Id="synth_1"/>
		<Parent Id="clk_wiz_0_synth_1"/>
	</Run>
	<Parameters>
		<Parameter Name="runs.monitorLSFJobs" Val="true" Type="bool"/>
	</Parameters>
</Runs>

